city,area_sq_meters,num_rooms,floor,year_built,distance_from_center_km,price
,80.0,4.0,5.0,2009.0,3.55,150804.0
Skopje,92.1,5.0,3.0,2008.0,3.54,178480.0
Skopje,97.4,5.0,0.0,2002.0,2.41,168418.0
Skopje,49.5,3.0,5.0,2024.0,3.97,90170.0
Skopje,,3.0,2.0,,3.75,77454.0
Skopje,80.0,5.0,1.0,2000.0,1.97,130837.0
Bitola,67.7,4.0,3.0,1992.0,6.09,59879.0
,,5.0,2.0,2009.0,3.45,137259.0
,64.6,2.0,4.0,2000.0,5.06,102811.0
Ohrid,,5.0,3.0,2003.0,6.87,118419.0
Skopje,44.8,3.0,1.0,1999.0,2.47,70462.0
Skopje,25.0,2.0,0.0,2015.0,6.62,40079.0
,71.5,5.0,2.0,1976.0,3.34,102367.0
Skopje,60.7,3.0,4.0,2003.0,8.75,96369.0
Tetovo,88.8,4.0,2.0,2017.0,3.79,97751.0
Skopje,86.4,4.0,2.0,,2.68,150259.0
,61.8,4.0,4.0,1993.0,,90180.0
Bitola,91.7,,2.0,1998.0,3.91,80585.0
Tetovo,,4.0,3.0,2005.0,3.8,80844.0
Skopje,60.7,2.0,0.0,1999.0,,87889.0
Prilep,59.5,2.0,4.0,2021.0,1.29,50925.0
Tetovo,39.6,2.0,5.0,1995.0,1.87,
Bitola,54.7,4.0,2.0,2006.0,2.7,55050.0
Ohrid,108.6,5.0,5.0,2011.0,5.45,151226.0
Skopje,92.6,5.0,6.0,2007.0,3.29,160429.0
Ohrid,,3.0,4.0,1989.0,2.5,64997.0
Skopje,58.6,3.0,3.0,2015.0,5.2,102380.0
Skopje,66.9,,3.0,1996.0,5.78,100793.0
Bitola,61.9,4.0,,2017.0,1.42,61262.0
Tetovo,76.1,4.0,2.0,2000.0,,74510.0
Prilep,38.7,2.0,5.0,2002.0,2.44,34192.0
Prilep,71.5,3.0,,,0.97,54782.0
Bitola,112.8,6.0,5.0,2009.0,2.73,111325.0
Bitola,48.9,3.0,4.0,1993.0,4.12,50711.0
Tetovo,60.7,3.0,3.0,2003.0,5.9,62918.0
,82.1,4.0,3.0,2007.0,5.9,71390.0
Ohrid,,3.0,0.0,2003.0,7.19,74896.0
Ohrid,,4.0,1.0,1987.0,0.74,81309.0
Prilep,61.0,4.0,1.0,2009.0,5.63,54167.0
,56.3,3.0,6.0,1995.0,2.51,54778.0
Skopje,87.0,4.0,1.0,2007.0,,146425.0
Skopje,49.4,,3.0,2017.0,3.56,90869.0
Skopje,25.0,2.0,3.0,2007.0,1.0,37788.0
Ohrid,110.3,5.0,,,3.26,160633.0
Skopje,99.3,5.0,2.0,2021.0,4.08,185229.0
Skopje,99.5,6.0,0.0,2010.0,3.92,181908.0
Tetovo,77.7,4.0,2.0,2022.0,5.06,86844.0
Prilep,97.5,5.0,2.0,2016.0,3.85,94165.0
Prilep,58.2,4.0,0.0,2012.0,2.11,57614.0
Skopje,54.5,3.0,1.0,2001.0,2.84,83340.0
Ohrid,80.6,3.0,0.0,2008.0,4.56,103655.0
Prilep,106.6,6.0,8.0,2025.0,0.02,94774.0
,83.1,4.0,4.0,2001.0,2.11,139005.0
Tetovo,90.6,4.0,2.0,2011.0,3.1,102247.0
Prilep,47.0,3.0,3.0,,6.19,41781.0
Prilep,104.7,4.0,5.0,1994.0,5.45,
Ohrid,,3.0,6.0,2003.0,7.72,65821.0
,36.2,2.0,1.0,2023.0,3.87,51187.0
Tetovo,49.7,3.0,4.0,2001.0,2.4,
Ohrid,54.5,2.0,3.0,2009.0,2.95,70715.0
Ohrid,82.9,3.0,4.0,2017.0,4.14,114152.0
Tetovo,47.8,2.0,4.0,2005.0,1.2,52196.0
Skopje,78.2,4.0,2.0,,2.08,140300.0
Tetovo,58.4,4.0,3.0,2012.0,6.33,69039.0
Prilep,65.3,2.0,3.0,2018.0,4.21,35287.0
Prilep,92.5,4.0,4.0,2012.0,2.13,86023.0
Bitola,70.7,3.0,1.0,2008.0,6.12,71343.0
Skopje,34.7,1.0,3.0,,2.5,64363.0
Skopje,83.9,5.0,3.0,2025.0,1.62,
Bitola,106.4,6.0,1.0,,6.27,94119.0
Tetovo,70.7,4.0,3.0,1997.0,3.21,61586.0
,,5.0,4.0,2003.0,6.6,158858.0
Skopje,103.9,5.0,3.0,2014.0,1.2,192564.0
Skopje,69.6,3.0,0.0,2006.0,3.31,
Skopje,82.0,4.0,4.0,2005.0,3.02,139769.0
Bitola,68.1,4.0,4.0,2025.0,4.85,72149.0
,49.2,2.0,1.0,1974.0,1.48,43302.0
Bitola,63.7,3.0,0.0,2008.0,6.05,57458.0
Skopje,62.9,4.0,3.0,1987.0,8.24,79860.0
Skopje,,2.0,2.0,2012.0,6.08,79532.0
Bitola,82.5,4.0,,2008.0,3.27,81673.0
Tetovo,,,3.0,2004.0,4.01,100289.0
Prilep,81.7,4.0,4.0,2005.0,1.56,69714.0
Skopje,93.1,5.0,2.0,1999.0,3.5,156719.0
Prilep,78.6,4.0,4.0,1996.0,8.46,60877.0
Skopje,,4.0,2.0,1987.0,1.42,110085.0
Ohrid,40.1,,2.0,1996.0,2.51,37106.0
Skopje,54.3,2.0,3.0,2001.0,2.09,
Ohrid,73.7,3.0,0.0,2005.0,4.46,90151.0
Ohrid,87.5,4.0,4.0,2005.0,3.59,121228.0
Skopje,72.5,4.0,3.0,2000.0,0.09,112180.0
,78.8,4.0,3.0,1993.0,2.84,85016.0
Skopje,25.7,1.0,5.0,1993.0,4.57,40636.0
Tetovo,65.4,3.0,2.0,,7.25,75075.0
Skopje,62.4,3.0,3.0,1984.0,0.01,91426.0
Ohrid,39.3,1.0,3.0,1995.0,3.98,36675.0
Ohrid,,,2.0,1998.0,6.43,128232.0
Bitola,59.2,3.0,,1998.0,3.31,48587.0
,42.9,2.0,3.0,,4.4,65945.0
Tetovo,84.0,5.0,1.0,1997.0,3.13,78188.0
Tetovo,79.0,4.0,1.0,2013.0,,81423.0
Skopje,80.5,3.0,2.0,2006.0,2.82,136638.0
,25.0,1.0,3.0,1966.0,1.81,15000.0
Tetovo,115.1,6.0,2.0,2015.0,3.54,130305.0
Prilep,82.4,4.0,2.0,2000.0,5.33,60567.0
Skopje,49.0,3.0,3.0,1993.0,4.52,68053.0
Bitola,61.3,3.0,4.0,2011.0,1.25,55779.0
,79.6,4.0,6.0,2014.0,2.25,79842.0
Ohrid,64.7,,,2005.0,4.86,88255.0
Bitola,80.9,4.0,3.0,,2.14,68996.0
Tetovo,39.6,2.0,3.0,1988.0,3.02,30799.0
Bitola,48.2,2.0,4.0,1986.0,3.03,33744.0
,77.6,5.0,0.0,2015.0,1.52,
Bitola,125.6,6.0,5.0,2018.0,2.63,137211.0
Skopje,,4.0,1.0,2011.0,1.71,158035.0
Ohrid,57.9,3.0,6.0,2002.0,2.78,72725.0
Ohrid,49.3,3.0,3.0,1983.0,7.09,54656.0
Bitola,47.3,3.0,0.0,2021.0,2.56,54056.0
Prilep,,4.0,,2008.0,5.69,53395.0
Skopje,39.9,2.0,3.0,2017.0,2.95,61940.0
Ohrid,135.1,6.0,3.0,2008.0,0.64,190599.0
Skopje,86.5,4.0,0.0,1998.0,2.87,146260.0
Bitola,45.8,2.0,3.0,,4.3,40207.0
Skopje,54.5,2.0,0.0,2003.0,4.12,79900.0
Skopje,89.4,3.0,0.0,1993.0,6.65,129512.0
Skopje,72.2,3.0,0.0,2009.0,3.11,120219.0
Bitola,,,0.0,2025.0,2.75,72959.0
Bitola,61.1,4.0,4.0,1996.0,2.1,54683.0
Ohrid,,6.0,2.0,2012.0,,146256.0
Ohrid,96.5,5.0,5.0,2015.0,2.52,138813.0
Ohrid,62.1,4.0,0.0,,4.97,77636.0
Bitola,70.3,4.0,2.0,1992.0,5.8,58817.0
Ohrid,88.7,6.0,5.0,1996.0,4.44,109370.0
Bitola,40.9,2.0,4.0,2004.0,1.3,30232.0
Bitola,79.2,3.0,3.0,2025.0,4.74,64375.0
Ohrid,31.3,1.0,0.0,1996.0,4.07,22213.0
,97.2,4.0,0.0,2003.0,2.82,
,83.4,5.0,0.0,1993.0,3.77,53885.0
Skopje,104.3,5.0,0.0,2009.0,3.14,185011.0
Skopje,87.2,4.0,2.0,,5.9,161688.0
Skopje,82.1,4.0,5.0,2006.0,2.35,146404.0
Skopje,95.3,5.0,,2004.0,2.14,159709.0
Bitola,55.7,2.0,3.0,2014.0,3.24,60007.0
Bitola,69.0,3.0,5.0,2006.0,3.77,57822.0
Skopje,96.1,4.0,,2010.0,2.0,173284.0
Bitola,103.1,,3.0,1997.0,3.77,90225.0
Skopje,,6.0,0.0,1988.0,3.75,158538.0
Bitola,36.4,2.0,0.0,2005.0,2.82,40730.0
Ohrid,114.8,6.0,5.0,2002.0,4.19,162064.0
Tetovo,83.7,4.0,2.0,2018.0,6.19,
Skopje,52.1,3.0,1.0,2014.0,4.59,
Skopje,39.8,3.0,3.0,1980.0,6.68,54839.0
Skopje,,2.0,,1993.0,0.97,78122.0
Skopje,50.4,3.0,3.0,2000.0,3.54,78580.0
Skopje,55.2,2.0,1.0,1996.0,5.59,
Skopje,45.7,2.0,7.0,1992.0,3.18,67324.0
Ohrid,61.9,4.0,3.0,2015.0,4.68,88395.0
Tetovo,101.3,6.0,5.0,1996.0,5.19,105277.0
Tetovo,61.6,2.0,4.0,1996.0,4.53,53618.0
Skopje,41.0,3.0,3.0,2006.0,7.4,66155.0
Ohrid,74.2,,7.0,2005.0,2.37,110523.0
Ohrid,,1.0,0.0,1983.0,2.77,32621.0
Skopje,85.8,5.0,1.0,2015.0,6.28,157220.0
Skopje,44.2,3.0,,2008.0,2.31,78067.0
Skopje,64.1,4.0,3.0,2017.0,4.24,112355.0
Tetovo,59.6,3.0,,2025.0,5.17,65893.0
Ohrid,76.8,3.0,6.0,1985.0,4.27,74179.0
Tetovo,,,2.0,2014.0,2.18,98243.0
Ohrid,,4.0,2.0,2017.0,1.32,105145.0
Skopje,62.3,2.0,5.0,1991.0,3.1,85228.0
Skopje,52.5,3.0,3.0,2016.0,2.28,
,37.1,3.0,3.0,2009.0,4.36,66591.0
Ohrid,50.8,3.0,,2022.0,7.03,69244.0
Tetovo,111.0,5.0,3.0,2001.0,2.64,118723.0
Skopje,83.3,4.0,2.0,1995.0,3.1,127755.0
,66.3,2.0,5.0,2010.0,3.24,66066.0
Tetovo,114.6,6.0,0.0,2008.0,5.91,123585.0
,50.2,2.0,6.0,2004.0,0.14,49798.0
Skopje,62.1,2.0,0.0,2018.0,4.0,106153.0
Tetovo,79.2,4.0,2.0,2018.0,6.33,
Bitola,90.5,6.0,6.0,1995.0,6.05,83949.0
Skopje,89.3,4.0,4.0,2017.0,3.46,163983.0
Tetovo,87.0,,1.0,2001.0,3.81,82245.0
Bitola,90.7,5.0,0.0,2021.0,3.53,87207.0
Skopje,94.6,5.0,3.0,2015.0,5.22,176451.0
Ohrid,62.8,3.0,5.0,2003.0,6.45,80001.0
Bitola,124.9,6.0,6.0,1995.0,,114372.0
Skopje,,1.0,,,1.18,49176.0
,122.2,5.0,6.0,1983.0,3.92,93254.0
Bitola,60.6,,0.0,1999.0,3.73,55951.0
Skopje,97.7,,2.0,2013.0,4.19,169899.0
Skopje,60.3,3.0,3.0,2005.0,2.45,99523.0
Skopje,63.3,4.0,3.0,2016.0,4.53,111723.0
Skopje,51.6,2.0,1.0,2016.0,5.44,97018.0
Tetovo,107.1,6.0,2.0,2010.0,5.98,
Skopje,58.2,1.0,3.0,1996.0,1.35,87190.0
Skopje,,5.0,2.0,,,164171.0
Tetovo,77.8,4.0,1.0,1986.0,5.41,65856.0
Tetovo,81.0,5.0,5.0,1998.0,0.52,77683.0
,104.2,5.0,1.0,1997.0,2.44,168761.0
Prilep,95.9,,7.0,1990.0,6.68,
Ohrid,63.3,3.0,1.0,2004.0,,69604.0
Bitola,66.3,3.0,1.0,2001.0,2.78,58791.0
Bitola,89.7,5.0,4.0,2004.0,3.96,87440.0
Skopje,79.1,4.0,2.0,2003.0,3.56,133028.0
Skopje,88.8,5.0,,1997.0,4.83,139059.0
Tetovo,40.0,1.0,3.0,1997.0,1.98,32771.0
Bitola,51.5,3.0,2.0,2014.0,5.2,40182.0
Skopje,58.6,3.0,1.0,2009.0,8.6,97515.0
Skopje,66.9,,5.0,2008.0,1.4,110627.0
,92.5,4.0,5.0,2003.0,1.64,120081.0
Tetovo,41.5,2.0,4.0,2007.0,1.92,46850.0
Skopje,79.3,,2.0,2008.0,0.88,148762.0
Ohrid,66.8,4.0,5.0,2025.0,6.61,84275.0
Prilep,83.0,4.0,6.0,2024.0,1.87,74114.0
Tetovo,67.7,3.0,4.0,1994.0,1.73,53711.0
Skopje,57.6,3.0,0.0,1990.0,1.64,74424.0
Skopje,58.9,3.0,1.0,2000.0,2.41,97367.0
,95.1,4.0,2.0,1998.0,1.05,154863.0
Bitola,53.2,3.0,0.0,1987.0,1.93,37254.0
,67.0,2.0,1.0,2011.0,0.78,112081.0
Skopje,54.8,3.0,0.0,2015.0,4.23,93817.0
Skopje,64.8,,5.0,2025.0,,119461.0
Ohrid,70.3,4.0,4.0,1998.0,4.34,85326.0
Skopje,50.2,,4.0,2016.0,5.0,88595.0
Skopje,112.8,6.0,3.0,2009.0,4.45,203842.0
Bitola,49.4,3.0,,1978.0,6.63,35428.0
,83.1,5.0,3.0,1988.0,3.29,75216.0
Skopje,86.5,4.0,1.0,1991.0,2.72,126460.0
Skopje,54.8,,1.0,2019.0,1.13,98493.0
Ohrid,104.0,5.0,4.0,1988.0,0.35,118262.0
,96.1,4.0,3.0,2006.0,3.24,125672.0
Ohrid,78.2,,2.0,2012.0,5.56,106739.0
,74.2,3.0,3.0,1994.0,6.05,112550.0
Prilep,95.1,5.0,2.0,,3.17,77320.0
Prilep,75.2,5.0,3.0,2004.0,6.55,53398.0
Ohrid,52.5,1.0,4.0,1998.0,5.31,59785.0
Skopje,62.0,3.0,3.0,2016.0,3.4,
Skopje,76.5,3.0,2.0,2002.0,2.61,126379.0
Tetovo,115.2,6.0,6.0,1995.0,0.3,119946.0
Skopje,87.4,5.0,,2020.0,,152199.0
Skopje,75.7,4.0,4.0,2010.0,0.55,139690.0
Skopje,86.3,5.0,,1996.0,1.74,135232.0
Tetovo,62.3,,5.0,2018.0,1.26,77981.0
Prilep,106.2,5.0,1.0,1993.0,,
Skopje,100.7,5.0,2.0,2003.0,2.23,180333.0
Tetovo,75.1,4.0,4.0,2012.0,1.82,87525.0
Ohrid,62.4,3.0,3.0,2017.0,1.41,91370.0
Bitola,60.9,3.0,0.0,1984.0,4.85,
Ohrid,51.1,3.0,2.0,2015.0,3.3,64296.0
Bitola,25.0,1.0,4.0,2019.0,6.31,25337.0
,58.0,4.0,6.0,2021.0,3.03,54837.0
Skopje,,5.0,3.0,2005.0,3.65,130809.0
Prilep,56.1,2.0,5.0,1985.0,6.78,
Skopje,93.4,5.0,0.0,2010.0,3.63,165472.0
Bitola,71.2,,7.0,2002.0,2.75,65027.0
Skopje,35.9,2.0,2.0,1987.0,1.86,49159.0
Bitola,77.7,5.0,3.0,1987.0,1.81,61639.0
Skopje,75.3,4.0,6.0,2004.0,1.2,141787.0
Skopje,77.1,4.0,,2002.0,0.61,137622.0
Bitola,103.7,5.0,3.0,2007.0,3.67,104589.0
Ohrid,76.7,,,1995.0,3.16,89102.0
Skopje,36.4,2.0,3.0,2003.0,3.48,60554.0
Bitola,62.8,2.0,2.0,2025.0,1.18,64619.0
,25.0,1.0,4.0,2001.0,2.21,
Prilep,65.4,3.0,2.0,2019.0,1.07,46393.0
Skopje,67.8,3.0,2.0,,,118018.0
Tetovo,65.4,2.0,5.0,2002.0,4.84,65178.0
Tetovo,71.8,4.0,1.0,1990.0,3.3,57860.0
Skopje,80.3,4.0,2.0,2006.0,3.36,140202.0
Skopje,41.4,1.0,2.0,2011.0,2.78,
Ohrid,101.9,6.0,5.0,1990.0,3.53,125778.0
Skopje,,3.0,6.0,1995.0,0.49,132435.0
Bitola,48.1,4.0,2.0,1987.0,3.55,32539.0
Skopje,52.4,3.0,,2025.0,4.51,90055.0
Skopje,59.8,,1.0,,2.39,95665.0
Bitola,92.4,4.0,,2019.0,1.95,97732.0
,84.7,4.0,2.0,2014.0,,82885.0
Skopje,107.2,6.0,2.0,1997.0,5.55,
Bitola,,4.0,2.0,2019.0,6.02,76834.0
Prilep,,4.0,5.0,2017.0,5.33,65435.0
Prilep,60.1,3.0,,2000.0,0.48,52730.0
Bitola,75.7,3.0,4.0,,1.23,66221.0
Prilep,59.4,3.0,4.0,1995.0,1.52,43070.0
Prilep,104.2,5.0,2.0,2019.0,7.45,84423.0
Tetovo,80.4,4.0,1.0,2007.0,6.6,74908.0
Prilep,,3.0,6.0,2008.0,,52889.0
Ohrid,83.5,4.0,4.0,1988.0,1.47,84084.0
Tetovo,38.4,2.0,,2022.0,1.52,32928.0
Skopje,109.1,5.0,,2020.0,5.26,204476.0
Bitola,82.0,,1.0,2022.0,,80962.0
Prilep,45.4,2.0,2.0,1989.0,3.01,37332.0
Prilep,,3.0,0.0,1990.0,0.14,51018.0
,50.8,3.0,5.0,2025.0,5.04,91219.0
Prilep,101.7,4.0,5.0,1998.0,2.43,77145.0
Tetovo,47.6,2.0,4.0,2007.0,4.26,45693.0
Tetovo,95.2,5.0,3.0,2016.0,5.24,119314.0
Skopje,70.0,3.0,2.0,2001.0,,108130.0
Skopje,41.4,1.0,2.0,1994.0,0.98,55413.0
Tetovo,72.2,3.0,,2004.0,5.53,77138.0
Ohrid,77.0,4.0,3.0,2009.0,6.15,91660.0
Skopje,79.5,4.0,1.0,1989.0,5.11,106727.0
Tetovo,90.8,5.0,2.0,1994.0,3.27,91021.0
Skopje,37.6,2.0,2.0,1999.0,4.79,62177.0
Skopje,84.3,4.0,3.0,1989.0,1.44,116312.0
Skopje,77.1,3.0,3.0,1994.0,1.36,113629.0
Skopje,85.3,4.0,,,2.69,150982.0
Bitola,100.3,,4.0,2001.0,6.35,96106.0
Bitola,63.5,3.0,1.0,2018.0,1.95,62154.0
Bitola,72.7,3.0,0.0,2003.0,5.61,66101.0
Skopje,69.1,3.0,4.0,1998.0,5.17,114354.0
Skopje,56.7,,,1999.0,6.1,80684.0
Skopje,62.5,4.0,1.0,,1.68,102461.0
Skopje,82.4,5.0,0.0,2012.0,1.56,144284.0
Bitola,77.0,4.0,,2015.0,6.44,71426.0
Ohrid,113.4,5.0,0.0,1988.0,2.58,131274.0
Bitola,58.4,3.0,,2015.0,3.32,66236.0
Skopje,90.3,4.0,,,0.76,141940.0
Skopje,93.0,5.0,2.0,1990.0,4.1,135829.0
Ohrid,56.3,3.0,6.0,2008.0,5.07,76715.0
Ohrid,80.2,4.0,2.0,1995.0,1.08,100692.0
Skopje,88.4,5.0,4.0,1998.0,1.92,152069.0
Skopje,44.9,3.0,1.0,1993.0,3.02,71073.0
Skopje,,4.0,3.0,1996.0,7.48,151221.0
Bitola,65.4,3.0,3.0,2010.0,3.5,56121.0
Skopje,85.3,4.0,4.0,2005.0,3.06,155797.0
Ohrid,57.1,4.0,6.0,2025.0,3.6,83902.0
,100.1,5.0,,2010.0,4.54,133858.0
Skopje,60.5,2.0,0.0,1999.0,2.97,91143.0
Prilep,76.1,4.0,1.0,2015.0,3.3,61489.0
Skopje,55.9,,1.0,,4.81,87405.0
Ohrid,98.7,6.0,4.0,2011.0,2.53,147292.0
Skopje,39.6,3.0,0.0,2010.0,1.74,
Skopje,83.6,5.0,3.0,2025.0,4.99,153261.0
Skopje,68.6,3.0,0.0,2009.0,0.73,105281.0
Skopje,55.4,2.0,0.0,1994.0,3.15,74496.0
Tetovo,,5.0,5.0,2018.0,1.46,122524.0
Ohrid,62.4,3.0,4.0,1987.0,1.32,62151.0
Skopje,76.8,4.0,1.0,1993.0,4.55,108928.0
Skopje,31.2,2.0,,1992.0,5.54,44158.0
Skopje,52.3,2.0,2.0,2010.0,7.2,78394.0
,52.3,2.0,3.0,2005.0,0.13,48932.0
Skopje,72.3,,3.0,2007.0,2.44,128437.0
Bitola,82.2,4.0,3.0,1989.0,2.03,69782.0
Prilep,74.1,5.0,4.0,2002.0,1.06,69210.0
Skopje,111.6,6.0,0.0,1989.0,2.23,170559.0
Bitola,74.2,,2.0,2007.0,5.07,70219.0
Skopje,69.3,4.0,,1990.0,6.28,106083.0
Skopje,78.2,5.0,0.0,2019.0,2.55,
Tetovo,44.7,2.0,5.0,2002.0,2.26,40590.0
Tetovo,110.5,4.0,8.0,2007.0,4.66,118854.0
Skopje,76.2,3.0,1.0,2019.0,0.4,139315.0
Skopje,50.9,4.0,1.0,1991.0,3.13,
Bitola,75.4,4.0,2.0,1996.0,4.79,64067.0
Prilep,104.6,5.0,5.0,2019.0,6.08,96322.0
Tetovo,70.6,,0.0,2013.0,3.99,75910.0
Ohrid,,4.0,0.0,1975.0,3.23,77095.0
Skopje,79.4,4.0,0.0,2025.0,3.43,137180.0
Bitola,68.2,3.0,,2004.0,7.21,61012.0
Ohrid,94.5,5.0,5.0,2001.0,,
Bitola,96.0,5.0,2.0,2025.0,2.73,97553.0
,47.3,3.0,3.0,2012.0,2.67,49606.0
Ohrid,,4.0,0.0,2003.0,2.98,108711.0
Skopje,79.3,3.0,1.0,2008.0,3.08,133870.0
Skopje,61.1,4.0,2.0,2003.0,4.22,103702.0
Tetovo,79.0,4.0,2.0,1992.0,0.64,63182.0
Tetovo,25.0,2.0,1.0,2019.0,,24790.0
Bitola,87.7,4.0,0.0,,6.28,
Skopje,30.9,2.0,0.0,2009.0,2.66,52051.0
Bitola,37.4,2.0,4.0,2009.0,3.56,
Skopje,73.2,3.0,4.0,,2.39,120722.0
Ohrid,55.6,3.0,7.0,2014.0,6.72,72456.0
Ohrid,,,7.0,2001.0,3.54,
Tetovo,59.7,4.0,0.0,,2.21,66540.0
Skopje,60.2,3.0,1.0,2015.0,1.4,104972.0
,107.5,5.0,2.0,2008.0,,104349.0
Bitola,56.3,2.0,4.0,2008.0,3.78,49017.0
Skopje,83.3,4.0,3.0,1995.0,3.69,134802.0
Prilep,101.2,5.0,,1999.0,0.11,75260.0
Bitola,69.6,4.0,5.0,1996.0,5.14,58938.0
,89.7,5.0,2.0,2017.0,0.25,109635.0
Bitola,71.9,2.0,2.0,2021.0,2.65,72657.0
Skopje,95.4,5.0,1.0,2005.0,6.7,166265.0
Skopje,121.6,6.0,,,4.96,231532.0
Skopje,80.7,4.0,2.0,2002.0,0.39,129574.0
Bitola,82.2,3.0,1.0,2015.0,2.94,85653.0
Skopje,42.2,2.0,2.0,1988.0,0.59,53114.0
Bitola,78.2,5.0,4.0,2014.0,2.97,85345.0
Tetovo,62.3,4.0,0.0,1982.0,4.27,46678.0
Bitola,48.8,2.0,4.0,2019.0,6.78,38566.0
Tetovo,40.4,3.0,3.0,,3.96,40259.0
Skopje,83.3,4.0,0.0,2011.0,2.65,147289.0
Prilep,91.6,,1.0,2008.0,4.21,
Skopje,58.4,3.0,0.0,2003.0,2.95,101411.0
Skopje,85.4,3.0,2.0,1994.0,8.45,119489.0
Bitola,74.8,3.0,1.0,2009.0,3.67,58693.0
Skopje,94.5,,,1993.0,6.06,147282.0
Skopje,72.1,2.0,4.0,1999.0,2.75,105302.0
Skopje,60.5,4.0,2.0,1993.0,6.14,88785.0
Tetovo,43.8,2.0,3.0,1989.0,2.42,33599.0
Skopje,104.6,5.0,1.0,2025.0,2.63,195593.0
Skopje,65.9,,4.0,2009.0,5.65,118670.0
Skopje,80.3,5.0,0.0,2025.0,,
Skopje,46.0,3.0,7.0,1998.0,4.19,75606.0
Tetovo,120.8,6.0,2.0,,4.76,134814.0
Skopje,54.4,3.0,5.0,2002.0,4.02,96542.0
,62.2,4.0,3.0,1991.0,3.73,73578.0
Skopje,75.9,4.0,0.0,2005.0,3.23,127696.0
Skopje,49.5,2.0,1.0,,3.97,82662.0
Ohrid,63.8,4.0,4.0,,1.72,76678.0
Skopje,52.0,2.0,4.0,2004.0,5.48,76465.0
Ohrid,,1.0,0.0,2020.0,4.32,40736.0
Skopje,49.6,2.0,3.0,2025.0,4.32,84023.0
Skopje,71.3,5.0,5.0,2008.0,3.72,133657.0
Tetovo,62.9,3.0,5.0,,,72036.0
Bitola,79.9,6.0,3.0,1991.0,2.94,77095.0
Tetovo,55.4,3.0,2.0,,5.65,50020.0
Bitola,41.4,,3.0,1996.0,1.18,
Skopje,53.6,2.0,0.0,,4.18,91090.0
Tetovo,70.8,4.0,4.0,1998.0,8.1,67408.0
Ohrid,84.1,4.0,6.0,1997.0,5.07,103259.0
Bitola,67.3,3.0,4.0,2009.0,1.86,72773.0
Tetovo,70.4,3.0,3.0,2012.0,0.31,77771.0
Ohrid,25.0,,4.0,2011.0,5.1,29082.0
Bitola,,2.0,4.0,2019.0,2.05,35845.0
Skopje,52.9,3.0,4.0,2025.0,3.02,91972.0
Prilep,56.9,4.0,4.0,2018.0,3.02,49427.0
Skopje,60.9,3.0,1.0,1999.0,3.6,90388.0
Ohrid,78.3,4.0,1.0,2006.0,2.49,101485.0
Tetovo,44.4,4.0,2.0,2009.0,1.99,53132.0
Skopje,63.3,3.0,2.0,2010.0,3.85,108370.0
Skopje,55.1,2.0,3.0,2012.0,5.09,92587.0
Tetovo,68.3,2.0,2.0,2000.0,1.42,61226.0
Tetovo,47.1,2.0,6.0,1985.0,3.13,31712.0
,67.6,3.0,4.0,,5.18,126065.0
Skopje,66.7,4.0,4.0,,5.64,
Bitola,74.1,4.0,3.0,1994.0,3.64,54301.0
Tetovo,69.5,4.0,5.0,1993.0,7.65,63457.0
Tetovo,36.4,1.0,5.0,2007.0,3.72,36720.0
Tetovo,69.9,4.0,5.0,2003.0,6.63,
Bitola,113.0,6.0,2.0,2004.0,1.89,115874.0
Skopje,72.4,3.0,3.0,1998.0,1.53,121699.0
Ohrid,114.7,6.0,2.0,2004.0,4.31,151951.0
Skopje,27.2,1.0,4.0,,3.02,41511.0
Tetovo,43.5,1.0,1.0,1986.0,0.57,28270.0
Tetovo,65.1,3.0,1.0,2012.0,7.25,61169.0
Prilep,80.0,4.0,3.0,2009.0,7.21,
Skopje,62.7,4.0,1.0,2006.0,9.27,92227.0
Skopje,78.0,4.0,2.0,2006.0,3.0,136404.0
Skopje,116.5,6.0,4.0,1996.0,5.37,197125.0
Skopje,49.4,2.0,6.0,1995.0,4.78,68970.0
Ohrid,,,1.0,1998.0,4.31,63524.0
Prilep,71.4,3.0,,2014.0,3.45,60814.0
Prilep,68.5,3.0,4.0,1991.0,3.08,43361.0
Skopje,66.5,4.0,5.0,2016.0,4.17,121978.0
Bitola,80.1,3.0,0.0,,4.03,68810.0
Skopje,69.1,4.0,2.0,2021.0,6.63,126443.0
Bitola,59.9,2.0,2.0,1992.0,2.84,47752.0
Ohrid,44.2,2.0,2.0,1999.0,2.96,47138.0
Skopje,60.2,3.0,2.0,2006.0,4.34,103894.0
Skopje,37.3,,3.0,1993.0,4.06,59870.0
Prilep,77.5,5.0,,2004.0,2.83,64222.0
Skopje,77.5,3.0,0.0,2024.0,4.53,136298.0
Skopje,77.9,3.0,3.0,1990.0,2.78,107205.0
Skopje,64.4,3.0,2.0,2005.0,7.04,106730.0
Bitola,82.9,5.0,3.0,2008.0,4.92,
Ohrid,107.0,5.0,0.0,2019.0,2.11,
Tetovo,121.0,5.0,3.0,1979.0,3.42,95306.0
Bitola,62.6,4.0,0.0,2001.0,2.98,59046.0
Skopje,87.9,5.0,4.0,1994.0,4.28,
,,5.0,5.0,2013.0,3.7,75553.0
Prilep,63.5,2.0,5.0,2010.0,1.67,53109.0
Skopje,,4.0,0.0,2009.0,1.73,167536.0
,96.5,6.0,5.0,2025.0,6.26,96027.0
Bitola,43.6,4.0,3.0,2019.0,2.4,49737.0
Bitola,63.0,3.0,3.0,2017.0,1.31,66626.0
Skopje,123.6,6.0,2.0,1989.0,7.16,185846.0
Skopje,36.4,1.0,4.0,2009.0,0.39,64477.0
Tetovo,101.8,5.0,2.0,2016.0,,
Skopje,75.1,4.0,,2025.0,2.49,143279.0
Bitola,26.5,1.0,3.0,2003.0,0.51,25040.0
Skopje,52.4,2.0,2.0,2012.0,,83288.0
Bitola,91.5,4.0,3.0,2021.0,0.95,
Skopje,67.1,3.0,5.0,2002.0,1.21,113853.0
Skopje,88.3,4.0,2.0,2016.0,3.38,152136.0
Ohrid,67.3,4.0,,2003.0,4.52,82378.0
Skopje,25.0,2.0,3.0,2019.0,5.36,45745.0
Skopje,82.8,5.0,3.0,2025.0,,153937.0
Ohrid,54.0,4.0,,2024.0,5.27,70896.0
Skopje,104.9,4.0,6.0,2013.0,3.35,197969.0
Ohrid,67.5,,5.0,2006.0,2.3,97603.0
Skopje,81.8,5.0,1.0,2016.0,3.45,147968.0
Skopje,48.1,3.0,0.0,2008.0,3.59,77418.0
Prilep,50.1,2.0,5.0,2011.0,4.41,41627.0
Skopje,65.4,3.0,,2018.0,3.69,116967.0
Skopje,,,0.0,2024.0,4.9,169782.0
,70.0,3.0,4.0,2018.0,3.36,69242.0
Skopje,41.3,1.0,0.0,2000.0,3.04,64071.0
Bitola,90.6,,3.0,1998.0,6.35,74448.0
Skopje,68.0,4.0,2.0,2005.0,2.97,124099.0
Skopje,115.3,6.0,3.0,2003.0,4.63,203331.0
Skopje,72.2,4.0,3.0,2009.0,3.69,136057.0
Bitola,129.3,6.0,4.0,1996.0,6.3,115212.0
Ohrid,66.2,4.0,2.0,1995.0,2.96,84286.0
Skopje,43.6,3.0,1.0,2013.0,4.61,77710.0
Ohrid,53.8,3.0,5.0,1997.0,2.01,62955.0
Skopje,41.0,2.0,0.0,2020.0,4.53,77988.0
,65.3,3.0,3.0,2004.0,5.87,
Skopje,100.0,5.0,6.0,1995.0,3.91,157625.0
Skopje,35.8,1.0,1.0,2020.0,5.41,
Skopje,69.5,4.0,6.0,2002.0,1.97,124552.0
Bitola,74.4,4.0,2.0,2006.0,4.25,72481.0
Bitola,80.1,4.0,4.0,2017.0,5.05,85015.0
Tetovo,25.0,2.0,3.0,2004.0,,33623.0
Bitola,93.2,4.0,1.0,1976.0,4.77,70244.0
Skopje,86.9,4.0,1.0,1995.0,3.17,127544.0
Ohrid,43.3,2.0,0.0,2008.0,3.5,50762.0
Skopje,72.1,,2.0,2025.0,3.84,130532.0
Prilep,54.7,,8.0,2001.0,,39176.0
Bitola,54.6,4.0,4.0,2024.0,,45163.0
,80.7,4.0,2.0,1998.0,5.38,57061.0
Skopje,76.3,4.0,1.0,1999.0,7.25,125294.0
Bitola,54.7,2.0,5.0,2015.0,3.77,51168.0
Skopje,91.1,5.0,1.0,1995.0,5.98,137272.0
Bitola,69.6,3.0,3.0,2000.0,5.75,65543.0
Tetovo,76.1,4.0,2.0,1999.0,6.43,
Ohrid,51.6,4.0,3.0,2003.0,6.6,62254.0
Bitola,66.9,3.0,3.0,1995.0,2.36,52973.0
Tetovo,53.5,3.0,2.0,2005.0,8.21,51411.0
,87.8,4.0,3.0,2005.0,3.91,148753.0
,72.4,2.0,5.0,2025.0,3.84,80111.0
Bitola,42.9,3.0,2.0,2025.0,3.12,46995.0
Skopje,120.3,6.0,,2012.0,4.31,234044.0
Skopje,25.0,2.0,2.0,,4.2,48625.0
Bitola,25.0,2.0,2.0,2018.0,4.68,26566.0
Skopje,51.9,2.0,0.0,1997.0,0.57,70392.0
Bitola,83.7,4.0,2.0,1993.0,2.87,65773.0
Skopje,,2.0,,2009.0,5.27,64191.0
,26.5,1.0,5.0,2011.0,7.2,52031.0
Skopje,66.5,3.0,2.0,2000.0,2.31,101930.0
Prilep,109.3,6.0,2.0,2017.0,4.19,97355.0
Tetovo,67.6,4.0,3.0,1996.0,1.95,65962.0
Skopje,65.1,,5.0,2017.0,0.47,
Skopje,76.2,4.0,,2017.0,3.98,136219.0
Skopje,91.3,5.0,1.0,2001.0,2.39,152274.0
Bitola,76.8,4.0,8.0,1987.0,4.6,56952.0
Ohrid,75.3,4.0,2.0,2000.0,2.94,87305.0
Skopje,78.2,4.0,2.0,2002.0,5.85,133860.0
Bitola,86.1,5.0,3.0,2021.0,2.67,90284.0
Prilep,90.6,4.0,0.0,2002.0,2.13,
Tetovo,55.1,2.0,1.0,1998.0,3.17,54830.0
Ohrid,122.4,6.0,0.0,2025.0,6.14,170839.0
Ohrid,80.9,4.0,0.0,1975.0,1.81,85659.0
Bitola,66.2,3.0,3.0,2010.0,4.7,50689.0
Skopje,42.0,3.0,2.0,1996.0,5.47,65242.0
,82.1,4.0,,2013.0,4.19,89941.0
Bitola,36.9,1.0,3.0,1996.0,2.71,35991.0
Tetovo,31.8,1.0,3.0,2005.0,4.61,32191.0
Skopje,45.8,2.0,,2001.0,4.88,71891.0
Skopje,,4.0,4.0,2006.0,4.71,107747.0
Skopje,58.7,3.0,3.0,2003.0,1.8,88598.0
Skopje,67.4,3.0,,2020.0,5.26,111947.0
Skopje,68.8,3.0,2.0,1995.0,0.86,108942.0
,85.6,4.0,,1980.0,1.77,89363.0
Skopje,80.2,3.0,3.0,2024.0,5.05,133304.0
Bitola,112.1,6.0,3.0,1988.0,4.37,100702.0
Skopje,,4.0,3.0,1975.0,1.6,123650.0
Skopje,43.4,2.0,3.0,,3.62,73180.0
Skopje,101.9,5.0,6.0,2018.0,2.79,197748.0
Bitola,85.2,5.0,0.0,2010.0,0.73,85647.0
Skopje,40.8,1.0,3.0,2021.0,4.15,58812.0
Ohrid,74.2,3.0,3.0,2007.0,2.52,104728.0
Skopje,98.7,5.0,2.0,2002.0,2.9,173755.0
Bitola,110.0,5.0,3.0,2002.0,2.6,117595.0
Skopje,,3.0,3.0,2003.0,1.26,107965.0
Ohrid,94.6,5.0,3.0,2000.0,2.5,116954.0
Skopje,56.5,,2.0,2000.0,2.77,96506.0
Bitola,81.0,3.0,3.0,2004.0,3.64,76189.0
Ohrid,,4.0,6.0,2005.0,0.09,126642.0
Skopje,72.7,3.0,0.0,1981.0,6.8,86183.0
Prilep,36.7,1.0,4.0,2003.0,4.58,26692.0
Skopje,57.0,2.0,5.0,2023.0,1.42,97514.0
Ohrid,79.5,4.0,3.0,2004.0,3.27,114681.0
Ohrid,108.1,6.0,4.0,1981.0,3.56,112106.0
Ohrid,48.6,3.0,4.0,2019.0,2.74,60796.0
,110.6,6.0,3.0,2002.0,2.49,152612.0
Ohrid,80.9,4.0,,2011.0,1.79,105967.0
Skopje,71.6,3.0,3.0,2015.0,5.88,131888.0
Prilep,46.4,2.0,3.0,2002.0,2.39,33260.0
Skopje,42.7,4.0,,,2.34,81870.0
Skopje,90.8,4.0,6.0,1987.0,5.4,130027.0
Tetovo,114.9,6.0,0.0,2007.0,4.91,125196.0
Skopje,100.8,5.0,7.0,2016.0,2.8,195232.0
Bitola,54.6,2.0,2.0,2009.0,3.11,43802.0
Skopje,63.1,,3.0,,4.76,121745.0
Ohrid,77.2,5.0,7.0,2001.0,5.09,102300.0
Bitola,72.9,2.0,2.0,2016.0,1.97,74443.0
Skopje,67.8,4.0,4.0,2010.0,5.53,121884.0
,63.7,2.0,4.0,2015.0,5.38,53419.0
Tetovo,37.3,2.0,0.0,2000.0,6.73,38568.0
Skopje,68.0,3.0,3.0,2018.0,4.32,112489.0
Skopje,29.9,,1.0,1990.0,5.14,42457.0
Tetovo,120.2,6.0,1.0,2011.0,2.93,140964.0
Tetovo,80.4,3.0,3.0,2004.0,1.45,80537.0
Skopje,71.9,3.0,2.0,1999.0,3.89,112944.0
,62.1,3.0,4.0,2008.0,6.35,85118.0
Bitola,102.1,6.0,0.0,2012.0,5.94,
Skopje,86.5,4.0,6.0,,1.96,
Bitola,121.8,6.0,3.0,2011.0,3.27,130601.0
Bitola,53.4,3.0,4.0,2016.0,6.1,53964.0
Skopje,88.5,4.0,1.0,2003.0,0.95,153141.0
Skopje,56.4,3.0,1.0,1992.0,7.61,73324.0
Ohrid,76.7,4.0,4.0,2025.0,1.95,106070.0
Ohrid,92.7,5.0,1.0,2018.0,5.11,128211.0
Skopje,74.3,5.0,0.0,1995.0,2.24,114332.0
Ohrid,93.1,5.0,3.0,2008.0,4.75,117618.0
Tetovo,53.8,2.0,3.0,2004.0,,52473.0
Skopje,105.6,6.0,3.0,2013.0,2.09,215624.0
Skopje,74.5,4.0,2.0,1999.0,1.96,127904.0
Skopje,93.6,5.0,2.0,,3.18,166287.0
,86.4,,3.0,,3.12,86512.0
Skopje,73.3,,3.0,2025.0,1.49,134810.0
Skopje,77.4,3.0,4.0,2007.0,0.74,136065.0
Ohrid,62.0,2.0,3.0,2025.0,4.03,69978.0
Ohrid,67.7,3.0,3.0,2015.0,2.16,82601.0
Bitola,57.4,3.0,,1996.0,4.64,49595.0
Skopje,90.0,4.0,0.0,,2.32,131898.0
Bitola,96.3,5.0,4.0,2006.0,6.4,90122.0
Skopje,96.7,5.0,1.0,2011.0,2.62,172321.0
Prilep,79.1,4.0,6.0,2001.0,,71060.0
,75.2,3.0,1.0,1992.0,3.57,104038.0
Bitola,37.4,1.0,3.0,2011.0,1.67,25920.0
Prilep,101.8,6.0,2.0,2002.0,1.83,88506.0
Skopje,99.6,5.0,1.0,2005.0,6.26,169372.0
Bitola,64.1,3.0,,2007.0,4.51,67800.0
Skopje,88.1,5.0,,1992.0,,139443.0
Tetovo,59.7,4.0,2.0,1982.0,3.05,49759.0
Bitola,79.4,5.0,0.0,1999.0,6.59,60756.0
Skopje,,6.0,,2013.0,1.42,201951.0
Ohrid,46.9,3.0,,2007.0,4.36,67981.0
Skopje,83.4,4.0,1.0,2013.0,1.84,154573.0
Skopje,80.8,3.0,0.0,1986.0,6.99,97747.0
Skopje,57.9,3.0,2.0,2024.0,4.67,103999.0
Skopje,58.1,4.0,4.0,,3.19,104894.0
Ohrid,54.2,,3.0,2002.0,4.36,66676.0
Bitola,48.0,2.0,1.0,1994.0,,29332.0
,78.4,5.0,4.0,2012.0,6.82,138843.0
Prilep,53.2,2.0,1.0,2025.0,3.15,
Ohrid,137.9,6.0,7.0,2008.0,3.96,202056.0
Bitola,75.3,,2.0,,4.23,54862.0
Ohrid,68.9,3.0,5.0,2002.0,5.82,86083.0
Bitola,75.5,3.0,3.0,2015.0,5.48,66444.0
Skopje,60.2,4.0,3.0,,0.59,92437.0
Bitola,92.6,5.0,0.0,2014.0,4.8,86523.0
Skopje,79.5,4.0,0.0,2006.0,,141408.0
Skopje,60.0,3.0,3.0,2006.0,4.71,95237.0
Tetovo,55.7,3.0,6.0,1988.0,2.94,41005.0
Ohrid,,5.0,2.0,2020.0,4.16,137182.0
Ohrid,25.0,1.0,0.0,1995.0,,23463.0
Skopje,,1.0,,2000.0,4.11,61615.0
Skopje,65.3,3.0,4.0,2024.0,3.09,116811.0
,104.3,6.0,0.0,1981.0,,81037.0
Ohrid,83.3,4.0,5.0,2014.0,3.66,121347.0
Skopje,70.1,4.0,4.0,1984.0,,98543.0
Skopje,98.1,5.0,2.0,2013.0,3.1,182240.0
Skopje,71.0,4.0,4.0,2013.0,5.97,139568.0
Skopje,61.9,3.0,3.0,2012.0,6.49,98084.0
Ohrid,112.7,6.0,4.0,2002.0,3.51,155858.0
Skopje,87.9,5.0,4.0,2014.0,1.45,172960.0
Tetovo,71.4,4.0,1.0,2004.0,2.22,79632.0
Skopje,69.8,4.0,6.0,2004.0,3.76,126961.0
Bitola,74.4,5.0,1.0,2015.0,4.55,74565.0
Ohrid,110.6,6.0,4.0,,,159380.0
Prilep,75.0,4.0,1.0,2009.0,1.31,62637.0
Skopje,52.7,2.0,0.0,1991.0,5.06,71837.0
Skopje,,4.0,4.0,2003.0,2.85,144847.0
Bitola,,3.0,4.0,1993.0,0.31,43802.0
Ohrid,64.5,3.0,,1995.0,3.32,66096.0
Bitola,77.0,4.0,0.0,2002.0,0.94,70381.0
Skopje,64.9,2.0,1.0,,,87438.0
Ohrid,78.9,4.0,1.0,2007.0,1.62,107763.0
Prilep,,3.0,4.0,2011.0,1.74,54341.0
Skopje,64.5,3.0,2.0,2011.0,4.94,106435.0
Skopje,71.2,,2.0,2021.0,0.49,127931.0
Bitola,116.1,5.0,2.0,1992.0,3.52,
Tetovo,93.8,5.0,4.0,2001.0,3.99,95935.0
Prilep,74.6,4.0,2.0,1998.0,3.98,59572.0
Ohrid,,4.0,3.0,1984.0,1.65,70528.0
Bitola,52.2,2.0,0.0,2000.0,1.25,48368.0
,,4.0,0.0,1999.0,1.98,
Prilep,79.1,5.0,1.0,1997.0,5.58,59524.0
Tetovo,112.6,6.0,2.0,1996.0,6.15,110354.0
Bitola,86.9,5.0,4.0,2015.0,4.4,93524.0
Tetovo,111.8,5.0,3.0,1988.0,3.3,94831.0
Tetovo,,3.0,2.0,2021.0,0.88,82017.0
Skopje,73.7,4.0,5.0,1995.0,2.46,114399.0
Skopje,101.5,4.0,0.0,1988.0,6.3,134165.0
Skopje,36.5,2.0,4.0,2008.0,3.28,53639.0
Bitola,75.2,3.0,,,2.44,78872.0
Tetovo,97.2,6.0,0.0,2014.0,6.11,102018.0
Bitola,59.1,3.0,2.0,2002.0,5.18,
Prilep,86.7,5.0,0.0,2011.0,6.15,71377.0
Prilep,91.2,6.0,1.0,,5.68,76230.0
Prilep,81.8,4.0,0.0,1984.0,5.88,45466.0
Skopje,84.7,4.0,3.0,2009.0,3.78,146624.0
Bitola,69.7,,3.0,2018.0,4.19,64517.0
Ohrid,55.1,2.0,1.0,2007.0,3.67,
Bitola,114.0,6.0,5.0,2000.0,1.35,112676.0
Tetovo,58.2,2.0,3.0,1992.0,0.43,44623.0
Bitola,50.2,2.0,4.0,2011.0,2.18,41614.0
Skopje,86.4,,3.0,2019.0,6.96,158027.0
Bitola,66.3,,4.0,1981.0,1.57,43924.0
Skopje,91.3,6.0,2.0,2015.0,6.47,
Skopje,66.6,4.0,4.0,2010.0,4.35,119279.0
Ohrid,,4.0,,2014.0,1.22,125718.0
Bitola,93.1,6.0,2.0,1990.0,5.1,73960.0
Bitola,83.4,4.0,3.0,1995.0,4.91,72126.0
Skopje,80.4,4.0,5.0,2009.0,5.01,140871.0
,71.4,3.0,5.0,2003.0,1.05,88169.0
Skopje,68.3,3.0,5.0,1994.0,0.97,101634.0
Ohrid,66.5,2.0,5.0,2006.0,,85271.0
Skopje,78.7,4.0,5.0,2013.0,4.53,135522.0
Ohrid,51.0,3.0,5.0,1993.0,3.41,58435.0
Ohrid,35.1,1.0,3.0,1974.0,3.82,33598.0
Skopje,58.3,3.0,4.0,1990.0,5.33,
,75.1,4.0,,2000.0,3.95,71605.0
Skopje,75.8,3.0,4.0,2012.0,1.97,
Skopje,36.7,1.0,2.0,2011.0,3.8,63981.0
Skopje,63.7,4.0,0.0,1999.0,1.36,
Tetovo,85.2,4.0,0.0,1997.0,,82529.0
Bitola,87.5,4.0,2.0,2007.0,2.46,
Bitola,84.2,4.0,2.0,2022.0,0.98,88670.0
Bitola,75.7,3.0,5.0,2002.0,2.44,69284.0
Prilep,45.8,2.0,1.0,2013.0,4.54,43672.0
Ohrid,54.3,2.0,7.0,2012.0,2.12,81248.0
Tetovo,42.3,2.0,2.0,1992.0,3.31,38761.0
Skopje,78.4,5.0,3.0,2004.0,2.16,144411.0
Prilep,77.3,4.0,5.0,1998.0,2.5,53745.0
Skopje,62.7,3.0,1.0,2011.0,1.29,104139.0
Skopje,68.3,4.0,2.0,2004.0,3.81,122943.0
Skopje,,4.0,1.0,2014.0,6.25,176439.0
Skopje,88.0,5.0,3.0,2007.0,3.7,155029.0
Prilep,56.6,,3.0,2004.0,,48677.0
,103.2,5.0,,2016.0,6.26,193030.0
Skopje,28.1,2.0,4.0,2020.0,6.36,52895.0
Skopje,49.4,,1.0,2022.0,0.09,92257.0
Skopje,67.5,3.0,0.0,1998.0,2.47,108897.0
Ohrid,,3.0,3.0,1978.0,7.69,75258.0
Bitola,56.2,2.0,1.0,2000.0,2.17,44013.0
Skopje,90.1,5.0,2.0,2004.0,1.25,161192.0
Skopje,67.2,4.0,3.0,1992.0,5.89,97656.0
Skopje,81.2,5.0,5.0,2007.0,2.05,148186.0
Prilep,75.1,3.0,4.0,2005.0,5.18,54165.0
Skopje,83.0,5.0,4.0,2003.0,3.17,156234.0
Tetovo,88.5,,0.0,1990.0,4.31,77656.0
Skopje,97.2,5.0,1.0,,3.84,173552.0
Ohrid,73.7,3.0,2.0,2021.0,6.26,97390.0
Ohrid,40.5,3.0,5.0,2014.0,1.05,
Ohrid,87.0,4.0,,2012.0,1.95,115201.0
Skopje,101.4,6.0,5.0,2005.0,6.49,177807.0
Skopje,,6.0,4.0,2004.0,3.08,216804.0
Skopje,84.2,4.0,6.0,2006.0,0.52,163729.0
Bitola,81.5,4.0,3.0,2010.0,0.61,
,85.7,5.0,0.0,2016.0,5.36,151134.0
Skopje,48.4,2.0,6.0,2003.0,1.49,82121.0
Prilep,83.3,4.0,1.0,2009.0,7.0,77651.0
Tetovo,58.9,3.0,5.0,1979.0,3.67,43094.0
Ohrid,,2.0,,2017.0,4.21,59520.0
Skopje,56.5,3.0,,2017.0,3.2,
Ohrid,82.5,5.0,1.0,1996.0,,95153.0
Skopje,99.6,4.0,7.0,1997.0,,162546.0
Skopje,66.2,4.0,,1998.0,7.13,103893.0
Skopje,39.2,3.0,1.0,,4.3,69397.0
Skopje,120.8,5.0,3.0,2001.0,3.07,208897.0
Bitola,76.1,4.0,0.0,2009.0,4.93,69566.0
Prilep,101.4,6.0,4.0,,5.78,94414.0
Tetovo,59.5,3.0,4.0,2015.0,3.35,
Bitola,48.4,2.0,0.0,1993.0,5.99,42957.0
Skopje,82.9,4.0,0.0,2025.0,6.25,148338.0
Ohrid,67.1,3.0,,,2.82,79550.0
Ohrid,77.2,4.0,2.0,1986.0,3.33,77904.0
Tetovo,91.9,,4.0,2025.0,4.28,110736.0
Skopje,30.2,,1.0,2007.0,1.92,
Tetovo,98.5,6.0,0.0,1990.0,9.36,90770.0
Tetovo,72.7,4.0,0.0,1995.0,3.28,62029.0
Skopje,128.3,6.0,3.0,2007.0,4.68,234357.0
Tetovo,81.8,3.0,2.0,2002.0,3.06,82137.0
Skopje,83.4,4.0,,1979.0,5.06,110307.0
Ohrid,78.2,4.0,5.0,2011.0,4.14,
Ohrid,81.1,4.0,5.0,1985.0,5.13,84188.0
Tetovo,54.8,3.0,3.0,2010.0,1.4,61172.0
Skopje,,2.0,4.0,2009.0,4.41,103708.0
Skopje,85.4,4.0,2.0,2020.0,7.66,150299.0
Bitola,,4.0,3.0,2001.0,,80826.0
Skopje,66.7,3.0,1.0,2007.0,3.41,108035.0
Skopje,71.3,4.0,0.0,1995.0,4.95,103087.0
,59.0,3.0,2.0,2002.0,1.44,101264.0
Skopje,30.0,1.0,5.0,2023.0,0.76,56883.0
Prilep,53.0,4.0,2.0,2008.0,2.06,
Skopje,109.9,6.0,2.0,2025.0,6.2,212596.0
Skopje,38.3,1.0,1.0,2021.0,,59724.0
Skopje,,4.0,1.0,2009.0,4.1,110914.0
Bitola,65.5,3.0,4.0,2005.0,4.32,55495.0
Bitola,119.8,5.0,3.0,1995.0,8.88,109922.0
Ohrid,45.0,2.0,4.0,1988.0,0.84,46585.0
Skopje,80.4,4.0,4.0,1994.0,4.75,124280.0
Bitola,98.0,5.0,,1984.0,0.54,75647.0
Skopje,48.1,2.0,,2015.0,0.98,
Skopje,58.2,2.0,2.0,2018.0,5.86,94496.0
Skopje,71.9,3.0,2.0,1989.0,5.83,105420.0
Skopje,57.7,4.0,5.0,1991.0,3.2,86475.0
Tetovo,80.5,4.0,,2003.0,0.52,72301.0
Bitola,55.7,4.0,6.0,1998.0,8.18,54937.0
Tetovo,25.0,2.0,3.0,,3.04,19559.0
Skopje,87.5,4.0,2.0,1986.0,3.68,114324.0
Skopje,55.8,3.0,7.0,2001.0,2.62,97705.0
Tetovo,99.5,6.0,4.0,1965.0,2.98,73666.0
Prilep,95.2,5.0,0.0,2022.0,2.98,91344.0
Skopje,83.1,4.0,,2012.0,6.39,151343.0
Tetovo,85.1,5.0,,,,100160.0
Skopje,72.8,4.0,0.0,,7.81,121412.0
Ohrid,123.8,6.0,1.0,2007.0,4.46,175374.0
Tetovo,25.0,1.0,2.0,1992.0,3.9,16459.0
Tetovo,60.4,2.0,3.0,2009.0,2.56,67905.0
Prilep,70.7,3.0,0.0,2002.0,5.73,47724.0
Skopje,74.1,5.0,3.0,1996.0,4.97,122566.0
Skopje,46.4,3.0,3.0,1986.0,4.01,58967.0
Ohrid,64.3,4.0,5.0,2016.0,4.04,92388.0
Tetovo,47.7,2.0,1.0,2021.0,5.65,42516.0
Skopje,63.1,3.0,1.0,2021.0,3.46,111864.0
Skopje,49.4,3.0,5.0,2022.0,1.2,84475.0
Ohrid,96.4,5.0,4.0,1988.0,2.36,96456.0
Skopje,25.0,2.0,6.0,2006.0,0.47,45366.0
Prilep,82.5,5.0,,,3.36,50575.0
Bitola,75.1,4.0,2.0,,6.35,50611.0
Skopje,81.7,4.0,1.0,2003.0,1.6,142743.0
,,3.0,7.0,1989.0,0.41,106025.0
Ohrid,96.1,5.0,,2011.0,4.46,142934.0
Prilep,57.0,3.0,,2004.0,5.69,45588.0
,86.3,5.0,5.0,2010.0,2.87,
Skopje,83.3,4.0,1.0,2016.0,2.99,149610.0
Skopje,81.9,3.0,4.0,1996.0,2.13,132119.0
Ohrid,91.4,5.0,0.0,2021.0,4.12,127630.0
Ohrid,105.0,5.0,4.0,2009.0,,138436.0
Skopje,102.3,5.0,0.0,2018.0,2.88,177898.0
Bitola,51.2,4.0,5.0,2002.0,4.42,
,77.2,6.0,3.0,2011.0,,74454.0
Skopje,72.8,4.0,0.0,2012.0,1.84,132325.0
Tetovo,63.3,3.0,6.0,2015.0,3.8,76165.0
,58.3,2.0,2.0,2014.0,6.28,73056.0
Skopje,67.3,3.0,0.0,1998.0,0.96,114597.0
Tetovo,69.9,5.0,0.0,2003.0,7.5,68980.0
Tetovo,89.3,5.0,,2005.0,2.52,97328.0
Skopje,70.5,4.0,6.0,2012.0,8.23,117353.0
Skopje,64.2,4.0,2.0,1987.0,3.01,83329.0
Skopje,116.0,6.0,3.0,2003.0,3.0,205626.0
Skopje,79.4,5.0,4.0,1990.0,5.48,120747.0
,76.0,4.0,3.0,2010.0,1.77,147859.0
Tetovo,84.7,4.0,4.0,1996.0,5.84,78825.0
Prilep,47.9,2.0,0.0,2025.0,5.6,
Skopje,64.3,3.0,0.0,,7.03,93967.0
Skopje,59.8,3.0,5.0,1986.0,0.8,
,66.3,4.0,0.0,2016.0,3.36,68323.0
Prilep,,,2.0,2020.0,,
Skopje,,3.0,4.0,1994.0,5.07,72005.0
Skopje,,4.0,1.0,2017.0,3.72,149563.0
,63.1,,0.0,2015.0,1.78,52907.0
Skopje,89.7,4.0,4.0,2025.0,6.19,171067.0
Ohrid,62.2,3.0,3.0,1989.0,1.96,58677.0
Prilep,73.8,3.0,4.0,1992.0,2.12,54921.0
Skopje,54.5,3.0,1.0,2002.0,3.79,90091.0
Ohrid,,3.0,3.0,2011.0,,97507.0
Skopje,43.0,2.0,2.0,1989.0,2.92,58880.0
Ohrid,63.3,2.0,7.0,2007.0,3.75,82728.0
Tetovo,93.5,4.0,5.0,,3.37,104380.0
Skopje,44.6,3.0,5.0,2013.0,3.35,89718.0
Skopje,63.3,4.0,0.0,1987.0,2.66,82835.0
Skopje,,4.0,2.0,2005.0,1.12,149275.0
Skopje,53.5,3.0,,2004.0,0.86,89135.0
Skopje,105.7,6.0,0.0,2008.0,4.27,191094.0
Skopje,64.0,3.0,0.0,2021.0,5.26,108496.0
Prilep,80.6,5.0,4.0,2015.0,3.58,69106.0
Bitola,86.3,4.0,,2015.0,0.69,84937.0
Skopje,29.7,1.0,2.0,2010.0,4.58,55483.0
Ohrid,63.8,2.0,2.0,2013.0,5.01,81305.0
Skopje,100.1,5.0,5.0,1996.0,3.35,162920.0
Skopje,49.7,2.0,0.0,,5.99,85236.0
Skopje,90.5,,4.0,2013.0,2.19,171061.0
Skopje,64.6,2.0,0.0,2007.0,5.31,102641.0
Skopje,56.9,2.0,3.0,2020.0,5.63,100704.0
Ohrid,73.2,5.0,,1994.0,,80095.0
Skopje,76.9,5.0,2.0,1982.0,8.77,102847.0
Skopje,97.2,6.0,,2003.0,3.98,167305.0
Skopje,111.2,5.0,1.0,1999.0,5.65,170850.0
Skopje,126.2,6.0,4.0,2020.0,6.11,243792.0
,111.3,5.0,4.0,2009.0,3.71,205614.0
Ohrid,78.9,5.0,3.0,2002.0,1.82,101882.0
Ohrid,56.5,3.0,3.0,,2.22,72062.0
Ohrid,74.9,4.0,4.0,2012.0,0.99,111481.0
Ohrid,109.4,5.0,3.0,,0.45,149691.0
Ohrid,65.6,4.0,1.0,1994.0,5.1,71805.0
Prilep,100.0,4.0,2.0,2015.0,1.04,95091.0
Ohrid,91.2,5.0,2.0,1999.0,3.41,117459.0
Prilep,45.5,3.0,1.0,2009.0,3.1,35356.0
Tetovo,70.1,3.0,2.0,1998.0,2.16,
Skopje,87.7,4.0,4.0,1985.0,6.25,125909.0
Prilep,94.3,5.0,5.0,1997.0,2.71,73805.0
Ohrid,53.2,2.0,,2013.0,2.09,72136.0
Prilep,98.4,5.0,2.0,2025.0,,91447.0
Skopje,,4.0,0.0,2001.0,4.92,147265.0
Prilep,81.6,4.0,0.0,2019.0,3.49,60475.0
Skopje,50.1,2.0,3.0,1994.0,2.52,69073.0
Tetovo,49.8,2.0,,,3.9,55466.0
Tetovo,86.9,5.0,4.0,2010.0,3.6,96408.0
Skopje,90.5,5.0,5.0,2015.0,2.25,180953.0
Bitola,114.5,5.0,3.0,2010.0,5.75,113708.0
Skopje,64.8,3.0,0.0,2005.0,1.35,110992.0
,115.1,6.0,3.0,2002.0,0.25,125640.0
Skopje,85.2,4.0,0.0,2012.0,4.34,152531.0
Skopje,34.9,2.0,2.0,2021.0,3.56,59800.0
Skopje,58.9,3.0,2.0,1993.0,3.04,95475.0
Tetovo,78.8,5.0,1.0,2025.0,2.58,98677.0
Bitola,33.4,,2.0,1998.0,,23530.0
Skopje,51.3,3.0,5.0,2009.0,2.78,93576.0
Tetovo,53.5,2.0,4.0,2009.0,4.57,53674.0
Skopje,104.7,5.0,3.0,2003.0,,179145.0
Bitola,102.3,6.0,3.0,,9.14,90844.0
Prilep,79.3,4.0,3.0,1998.0,4.35,61043.0
Bitola,95.6,5.0,4.0,2025.0,1.56,102848.0
Skopje,84.3,5.0,1.0,2022.0,2.06,157092.0
Skopje,107.1,5.0,3.0,2014.0,4.64,201631.0
Skopje,59.8,,2.0,,6.2,95163.0
Ohrid,56.1,4.0,7.0,,4.54,73988.0
Tetovo,74.6,4.0,0.0,,3.42,78251.0
Tetovo,64.1,4.0,4.0,2021.0,4.49,69894.0
Skopje,28.4,3.0,3.0,2025.0,1.76,46248.0
Skopje,80.0,4.0,3.0,,0.53,132244.0
Bitola,41.7,2.0,3.0,2025.0,5.46,47034.0
Prilep,80.1,6.0,,2000.0,2.83,68282.0
Ohrid,88.8,5.0,4.0,2014.0,6.58,123332.0
Tetovo,55.8,,,1995.0,4.78,52462.0
Bitola,35.5,2.0,2.0,1997.0,3.0,34585.0
,69.2,3.0,0.0,2014.0,0.94,120490.0
Ohrid,82.1,5.0,,1990.0,5.09,86952.0
Bitola,,6.0,2.0,2009.0,1.91,84466.0
Ohrid,53.1,3.0,5.0,2021.0,0.87,72496.0
Tetovo,70.5,4.0,5.0,,1.82,62252.0
Skopje,96.6,5.0,2.0,2019.0,3.39,184472.0
Skopje,111.5,6.0,,2021.0,6.44,209619.0
Bitola,101.0,,0.0,2002.0,3.7,86353.0
Skopje,,4.0,7.0,2010.0,5.76,135481.0
Tetovo,82.1,5.0,0.0,2006.0,1.03,83944.0
Ohrid,61.2,2.0,0.0,1982.0,,58559.0
Skopje,52.0,3.0,4.0,2005.0,3.19,85293.0
Skopje,107.6,6.0,2.0,2011.0,1.3,210030.0
Skopje,87.2,,1.0,2025.0,4.48,
Prilep,124.0,6.0,1.0,2002.0,4.36,100810.0
Prilep,111.0,5.0,,2004.0,2.5,98804.0
Bitola,25.0,1.0,2.0,,0.08,27981.0
Prilep,72.4,5.0,5.0,2025.0,1.14,61065.0
Bitola,81.1,5.0,0.0,2013.0,5.48,85097.0
Bitola,83.4,4.0,2.0,1992.0,1.98,68000.0
Bitola,55.3,2.0,,1998.0,4.16,39006.0
Tetovo,75.7,4.0,2.0,2015.0,2.41,78280.0
Ohrid,69.1,5.0,2.0,2016.0,,
Skopje,43.7,3.0,,2011.0,5.97,90365.0
Prilep,47.8,2.0,5.0,2002.0,6.51,35252.0
Bitola,64.3,3.0,3.0,1985.0,2.62,41668.0
Ohrid,,3.0,1.0,2017.0,,91230.0
Bitola,69.8,3.0,2.0,2012.0,5.48,68766.0
Bitola,77.7,4.0,4.0,2015.0,2.45,81946.0
Bitola,27.8,2.0,0.0,2008.0,0.43,22058.0
Ohrid,98.4,5.0,0.0,2009.0,3.07,
Skopje,76.6,5.0,2.0,2007.0,0.18,137203.0
Skopje,64.7,4.0,3.0,,5.53,85447.0
,77.0,5.0,0.0,2006.0,3.81,83466.0
Skopje,63.1,4.0,5.0,2025.0,4.5,119086.0
Skopje,39.9,,3.0,2003.0,4.7,56212.0
Skopje,115.9,6.0,4.0,2009.0,2.77,212811.0
Skopje,25.0,1.0,2.0,,7.84,45225.0
Tetovo,51.6,4.0,4.0,1993.0,3.57,51908.0
,75.1,4.0,0.0,2001.0,,62230.0
Ohrid,78.4,3.0,0.0,1990.0,,81707.0
Skopje,33.0,2.0,1.0,2011.0,2.96,54559.0
Skopje,109.9,5.0,2.0,2006.0,3.0,192493.0
Prilep,56.8,2.0,6.0,2025.0,3.4,40662.0
Skopje,50.4,2.0,1.0,1998.0,2.79,68915.0
Prilep,47.0,2.0,5.0,2004.0,3.75,25053.0
Ohrid,56.9,4.0,3.0,1998.0,0.14,81862.0
Prilep,91.0,6.0,3.0,2021.0,2.54,87303.0
Tetovo,60.9,3.0,,2008.0,2.88,51094.0
Ohrid,64.4,4.0,3.0,2022.0,4.54,85745.0
Skopje,,4.0,3.0,1997.0,3.52,104773.0
Skopje,79.0,3.0,5.0,2011.0,6.76,132387.0
Skopje,,4.0,2.0,2000.0,,103542.0
Skopje,44.4,3.0,0.0,2006.0,4.37,74315.0
Ohrid,92.8,4.0,3.0,2001.0,6.11,124967.0
Skopje,27.3,2.0,,2025.0,4.98,55065.0
Bitola,104.2,6.0,,2004.0,4.1,101160.0
Bitola,106.5,5.0,4.0,2008.0,1.78,104877.0
Skopje,82.7,4.0,1.0,1982.0,4.37,106637.0
Skopje,50.8,2.0,3.0,2001.0,1.12,81248.0
Bitola,,4.0,2.0,1994.0,1.65,54001.0
Skopje,82.2,4.0,3.0,2009.0,2.03,146345.0
Skopje,127.3,,3.0,2021.0,5.98,237684.0
Ohrid,71.6,4.0,2.0,2003.0,2.58,
Prilep,62.6,2.0,0.0,2008.0,4.17,45511.0
Bitola,101.8,5.0,3.0,1999.0,4.75,88178.0
Ohrid,97.1,4.0,1.0,2010.0,2.82,131007.0
Skopje,105.5,5.0,,2012.0,0.8,219050.0
Bitola,80.4,4.0,0.0,1983.0,3.42,65181.0
Ohrid,109.6,6.0,3.0,2019.0,6.55,156757.0
Skopje,75.1,2.0,3.0,2013.0,3.79,129469.0
Skopje,28.1,2.0,2.0,1997.0,6.22,45925.0
Skopje,88.9,4.0,,2020.0,2.15,158886.0
Skopje,74.2,4.0,0.0,1974.0,5.34,85506.0
Ohrid,25.0,2.0,3.0,2008.0,4.11,
Prilep,62.1,3.0,2.0,2007.0,5.51,41015.0
Ohrid,87.7,,2.0,2010.0,3.52,119727.0
Ohrid,,3.0,,2006.0,1.51,87130.0
Skopje,57.5,2.0,1.0,1984.0,7.51,
Ohrid,47.2,2.0,1.0,2022.0,,
Ohrid,69.6,3.0,4.0,2006.0,3.41,82429.0
Tetovo,56.6,,3.0,1983.0,2.61,42352.0
Bitola,80.8,4.0,1.0,2019.0,2.86,
Bitola,,3.0,3.0,1999.0,3.69,70604.0
Bitola,,4.0,0.0,,5.04,86671.0
Skopje,102.7,6.0,5.0,1999.0,2.46,187143.0
Bitola,55.4,2.0,1.0,1998.0,5.25,37775.0
Skopje,56.4,3.0,2.0,2002.0,2.93,89668.0
Prilep,101.0,5.0,2.0,1997.0,2.68,73955.0
,,,,2001.0,2.33,89811.0
Skopje,106.7,6.0,1.0,1999.0,4.51,
Skopje,36.4,3.0,4.0,2006.0,3.85,65299.0
Tetovo,26.1,1.0,2.0,2003.0,5.04,15000.0
Skopje,57.0,3.0,4.0,,2.93,107967.0
Skopje,83.9,4.0,2.0,1992.0,1.24,
Tetovo,62.9,,2.0,1994.0,2.97,61354.0
Bitola,76.6,4.0,1.0,2001.0,0.36,72154.0
Tetovo,95.6,5.0,1.0,2018.0,1.44,104005.0
Skopje,100.8,6.0,0.0,1995.0,3.64,
Skopje,69.4,4.0,1.0,2007.0,1.27,119876.0
Ohrid,63.1,3.0,4.0,2004.0,3.75,79474.0
Ohrid,28.1,1.0,3.0,2002.0,1.77,
Skopje,89.1,5.0,1.0,,4.05,156017.0
,71.4,4.0,0.0,1997.0,0.77,113784.0
Skopje,25.0,1.0,4.0,2011.0,1.11,46130.0
Skopje,85.0,4.0,3.0,2018.0,3.09,
Skopje,69.1,3.0,,2022.0,6.08,126675.0
Prilep,58.0,,,,1.34,60868.0
Skopje,55.1,3.0,4.0,2012.0,1.96,101265.0
Tetovo,54.5,3.0,,2017.0,2.34,56206.0
Tetovo,94.8,4.0,5.0,2017.0,2.61,106835.0
Ohrid,84.0,4.0,2.0,2005.0,0.34,110833.0
Skopje,75.0,4.0,2.0,1999.0,1.27,121635.0
Skopje,78.1,4.0,0.0,,1.84,109086.0
Skopje,,2.0,4.0,2004.0,2.25,82533.0
Tetovo,,6.0,0.0,2003.0,,107238.0
Skopje,79.2,3.0,1.0,2012.0,4.94,135334.0
Bitola,73.1,,4.0,2012.0,3.55,73656.0
,54.8,2.0,,1996.0,5.13,44790.0
Bitola,86.0,5.0,2.0,2009.0,4.98,77965.0
Skopje,121.9,6.0,4.0,2012.0,2.85,235526.0
Ohrid,50.6,2.0,2.0,2012.0,1.77,63624.0
Ohrid,49.7,,0.0,2008.0,4.47,60510.0
Bitola,58.2,2.0,3.0,2002.0,5.31,52665.0
Bitola,61.8,4.0,7.0,,4.5,56681.0
Tetovo,96.8,5.0,4.0,2008.0,4.28,110000.0
Skopje,68.9,4.0,5.0,1998.0,3.5,104554.0
Bitola,98.9,5.0,3.0,,2.73,97066.0
Prilep,66.8,3.0,4.0,2007.0,2.64,54400.0
Tetovo,97.2,5.0,4.0,1996.0,5.13,99202.0
Bitola,104.4,5.0,5.0,2024.0,1.26,111653.0
Prilep,,4.0,0.0,1991.0,0.02,67029.0
Tetovo,34.8,2.0,3.0,1982.0,2.07,26119.0
Skopje,64.8,4.0,7.0,2001.0,0.86,113879.0
Bitola,70.8,4.0,7.0,1984.0,2.49,63663.0
Ohrid,,5.0,5.0,2025.0,4.17,120851.0
Prilep,120.1,5.0,3.0,1974.0,0.8,80011.0
Skopje,63.7,3.0,0.0,2013.0,2.93,101536.0
Skopje,84.8,4.0,3.0,2005.0,2.09,148896.0
Ohrid,94.8,5.0,1.0,2012.0,4.43,124932.0
Prilep,87.0,5.0,0.0,2024.0,5.83,75020.0
Skopje,80.6,4.0,2.0,1987.0,0.02,126999.0
Ohrid,76.5,4.0,1.0,2001.0,3.68,92758.0
Bitola,82.5,4.0,3.0,2013.0,3.16,82340.0
Prilep,51.2,1.0,4.0,1997.0,1.35,40250.0
Ohrid,44.2,3.0,,2003.0,0.28,56115.0
Skopje,90.0,4.0,5.0,1999.0,0.29,155481.0
Skopje,,1.0,1.0,2023.0,4.91,50616.0
Bitola,27.1,1.0,3.0,2006.0,2.42,24016.0
,71.8,4.0,3.0,2011.0,6.93,130743.0
Ohrid,57.2,2.0,2.0,2002.0,6.42,60737.0
Skopje,80.9,4.0,,2009.0,5.66,148315.0
Bitola,54.1,4.0,0.0,2025.0,6.19,60504.0
Skopje,25.5,1.0,3.0,1996.0,2.87,39871.0
Bitola,45.2,3.0,4.0,2002.0,4.92,41574.0
Skopje,75.3,5.0,0.0,2010.0,2.7,131044.0
Prilep,,3.0,4.0,2012.0,,72442.0
Bitola,64.6,3.0,4.0,2008.0,1.38,64519.0
Skopje,51.4,2.0,4.0,2010.0,4.61,83162.0
Bitola,41.7,1.0,3.0,2008.0,,33244.0
Skopje,93.1,4.0,3.0,2007.0,3.0,
Bitola,57.6,4.0,6.0,2015.0,5.7,50027.0
Tetovo,65.2,5.0,2.0,,4.26,
Skopje,81.3,4.0,0.0,1972.0,6.06,95575.0
Bitola,81.6,4.0,4.0,2018.0,1.66,
Skopje,90.1,3.0,3.0,2016.0,5.28,161464.0
,25.0,2.0,3.0,2021.0,,35527.0
Skopje,51.6,2.0,4.0,2014.0,5.66,89111.0
Bitola,87.5,5.0,0.0,2022.0,1.47,96316.0
Bitola,87.5,5.0,2.0,2010.0,3.33,92209.0
Skopje,42.5,1.0,2.0,1999.0,2.74,58423.0
Bitola,41.6,2.0,4.0,2008.0,4.47,43349.0
Bitola,64.4,4.0,4.0,2015.0,0.08,66922.0
Tetovo,84.3,5.0,2.0,1996.0,4.69,
Skopje,111.0,6.0,3.0,2025.0,3.98,214264.0
Skopje,56.5,3.0,3.0,1988.0,2.6,79356.0
Tetovo,71.4,4.0,0.0,1994.0,3.38,66102.0
Ohrid,53.3,3.0,6.0,2011.0,3.17,
Prilep,72.1,4.0,4.0,2009.0,2.76,58394.0
Prilep,59.8,2.0,0.0,2000.0,5.38,38784.0
Skopje,71.8,4.0,1.0,,3.68,112978.0
Bitola,78.4,4.0,0.0,2000.0,2.46,68013.0
Prilep,60.9,2.0,2.0,,4.49,
Tetovo,,3.0,0.0,2014.0,5.6,54744.0
Skopje,25.0,2.0,7.0,2025.0,3.11,39972.0
Tetovo,69.2,4.0,3.0,2006.0,5.56,76705.0
Tetovo,51.7,1.0,2.0,,4.34,39188.0
Skopje,89.9,5.0,2.0,2025.0,4.98,165756.0
Prilep,89.3,5.0,0.0,,6.01,80769.0
Bitola,117.5,6.0,,2002.0,0.16,120118.0
Skopje,73.0,3.0,2.0,2012.0,1.45,129579.0
Skopje,96.6,,2.0,2007.0,3.93,180588.0
Ohrid,103.4,4.0,3.0,2010.0,3.03,
Ohrid,56.4,,3.0,1995.0,0.61,70273.0
Skopje,67.3,4.0,2.0,,5.49,112200.0
Skopje,116.7,6.0,0.0,1986.0,3.92,159731.0
Bitola,71.0,3.0,5.0,2025.0,2.54,67097.0
Ohrid,,5.0,4.0,1994.0,3.54,122902.0
Ohrid,69.4,,6.0,2000.0,0.5,89969.0
Skopje,,4.0,5.0,2006.0,,132405.0
Bitola,79.2,4.0,0.0,2004.0,3.21,70389.0
Prilep,80.9,4.0,1.0,1994.0,3.24,61502.0
Skopje,66.8,4.0,5.0,2010.0,4.02,124508.0
Skopje,76.0,4.0,0.0,2009.0,4.19,129180.0
Skopje,56.1,2.0,1.0,1986.0,4.18,67650.0
Skopje,93.2,4.0,1.0,2011.0,5.46,152040.0
Skopje,25.0,1.0,5.0,2025.0,3.02,36986.0
Skopje,73.5,3.0,1.0,1999.0,4.29,112635.0
Skopje,57.3,3.0,1.0,1996.0,4.79,83789.0
Skopje,94.5,,,2000.0,1.92,161382.0
Skopje,70.4,3.0,0.0,2021.0,4.82,117426.0
Skopje,93.4,5.0,6.0,2025.0,3.25,180679.0
Bitola,25.0,2.0,2.0,2015.0,5.65,17862.0
Prilep,110.4,5.0,1.0,1992.0,3.22,
Skopje,76.0,,5.0,,,137286.0
Skopje,63.4,4.0,2.0,2010.0,8.28,114437.0
Tetovo,55.0,3.0,0.0,2015.0,5.22,54915.0
Bitola,105.5,5.0,4.0,1997.0,2.96,91985.0
Skopje,69.7,2.0,4.0,2017.0,3.48,107881.0
Prilep,41.3,2.0,5.0,1975.0,1.87,28270.0
Prilep,54.9,4.0,3.0,2016.0,4.49,47348.0
Skopje,113.9,5.0,2.0,2004.0,2.64,205725.0
Skopje,114.4,6.0,5.0,1990.0,1.89,178010.0
Bitola,50.7,2.0,0.0,2025.0,3.22,50378.0
Bitola,93.1,4.0,1.0,1996.0,3.94,75445.0
Tetovo,83.1,4.0,4.0,,2.32,88182.0
Skopje,88.2,4.0,1.0,2025.0,2.44,166106.0
Bitola,80.4,4.0,2.0,2023.0,5.36,78224.0
,59.1,4.0,5.0,2011.0,0.27,
Bitola,75.8,5.0,0.0,2013.0,1.46,82735.0
Skopje,,6.0,2.0,1999.0,3.0,189126.0
Skopje,100.1,,3.0,2005.0,1.94,177833.0
Tetovo,91.6,5.0,1.0,2005.0,1.97,98242.0
Bitola,93.1,5.0,4.0,1994.0,0.8,86861.0
Skopje,71.5,3.0,7.0,,,122787.0
Skopje,,5.0,1.0,2004.0,2.27,160844.0
Skopje,60.5,2.0,3.0,,,87902.0
,75.6,4.0,7.0,2012.0,1.2,78844.0
Skopje,63.3,4.0,3.0,1981.0,1.46,
Ohrid,48.8,3.0,0.0,2005.0,4.24,66778.0
Skopje,54.0,4.0,2.0,,2.27,98600.0
Skopje,79.1,4.0,2.0,1998.0,4.21,121539.0
Tetovo,79.8,4.0,2.0,2011.0,,83341.0
Skopje,58.0,3.0,3.0,1998.0,,95035.0
Skopje,88.6,5.0,2.0,2016.0,3.78,165808.0
,,2.0,2.0,2006.0,,50637.0
Skopje,87.2,5.0,2.0,1997.0,2.13,
,33.9,1.0,5.0,2020.0,6.7,58244.0
Tetovo,62.4,2.0,0.0,2008.0,4.58,69664.0
Bitola,42.1,2.0,2.0,1999.0,4.19,29357.0
Skopje,86.3,5.0,3.0,2017.0,2.61,162282.0
Skopje,41.8,2.0,5.0,2002.0,2.93,66731.0
Ohrid,95.9,5.0,,,4.18,139408.0
Skopje,110.2,6.0,0.0,2024.0,3.51,207343.0
Skopje,81.7,4.0,,1998.0,2.92,127127.0
Skopje,78.0,4.0,4.0,2003.0,1.46,145492.0
Skopje,107.5,6.0,,,1.04,151283.0
,62.8,,2.0,1992.0,2.05,70458.0
